[
    {
      "id": 1,
      "marca": "Fierce",
      "modelo": "FM18SI29AM211",
      "rodado": 16,
      "fabricado": 2019,
      "color": "Celeste",
      "peso": 13,
      "tipo": "Montanera",
      "precio": 60000,
      "vendida": true
    },
    {
      "id": 2,
      "marca": "Shifter",
      "modelo": "FM18F29AM210",
      "rodado": 26,
      "fabricado": 2020,
      "color": "Negro",
      "peso": 15,
      "tipo": "Paseo",
      "precio": 30000,
      "vendida": false
    },
    {
      "id": 3,
      "marca": "Olmo",
      "modelo": "Regal",
      "rodado": 28,
      "fabricado": 2021,
      "color": "Gris",
      "peso": 16,
      "tipo": "Retro",
      "precio": 25000,
      "vendida": true
    },
    {
      "id": 4,
      "marca": "Battle",
      "modelo": "Sunshine",
      "rodado": 29,
      "fabricado": 2022,
      "color": "Amarillo",
      "peso": 17,
      "tipo": "Triatlon",
      "precio": 80000,
      "vendida": false
    }
]